{
  "Body Shaping": {
    "arm-hole_fix": 0.0,
    "bottom_position": 0.0,
    "bottomposture": 0.0,
    "buttocks": 0.0,
    "buttocks_volume": 0.0,
    "buttocksshape": 0.0,
    "crotch": 0.0,
    "genetals": 0.0,
    "maternityheight": 0.0,
    "posture": 0.0,
    "proportions": 0.0,
    "shoulder_blades": 0.0,
    "topposture": 0.0
  },
  "BodySilhouette": {
    "bsize": 103.37242126464844,
    "muscles": 0.0
  },
  "Face": {
    "head_height": 66.30819702148438,
    "head_size": 57.89228057861328
  },
  "Face Expression": {},
  "Hands": {
    "arm": 32.329769134521487,
    "arm_pit": 46.470638275146487,
    "bicep": 33.8656120300293,
    "hand_size": 0.0,
    "overarm": 61.94100570678711,
    "wrist": 18.59752082824707
  },
  "Height": {
    "cervical_height": 161.8670654296875,
    "height": 183.7340850830078
  },
  "Legs": {
    "ankle": 23.501070022583009,
    "calf": 41.257999420166019,
    "loot_length": 29.591951370239259,
    "foot_width": 11.505352973937989,
    "inseam": 89.5414810180664,
    "knee": 39.02637481689453,
    "outseam": 112.17436981201172,
    "thigh": 60.56547546386719
  },
  "Torso": {
    "belly": 0.0,
    "chest": 103.37242126464844,
    "high_waist": 83.53731536865235,
    "hipgirth": 103.1462173461914,
    "neckgirth": 41.56079864501953,
    "rise": 63.86693572998047,
    "shldr_slope": 0.0,
    "shldrs": 43.931480407714847,
    "waist": 88.45822143554688
  }
}